{
  "name": "SW36",
  "vendorId": "0x45D4",
  "productId": "0x1A32",
    "matrix": {"rows": 8, "cols": 5},
    "lighting": "vialrgb",
  "layouts": { 
     "keymap":
[
  [
    {
      "y": 0.88,
      "x": 2.5
    },
    "0,2"
  ],
  [
    {
      "y": -0.8799999999999999,
      "x": 3.5
    },
    "0,3",
    {
      "x": 7.5
    },
    "4,2"
  ],
  [
    {
      "y": -0.875,
      "x": 4.5
    },
    "0,4",
    {
      "x": 5.5
    },
    "4,1",
    {
      "x": 1
    },
    "4,3"
  ],
  [
    {
      "y": -0.9950000000000001,
      "x": 1.5
    },
    "0,1"
  ],
  [
    {
      "y": -0.8799999999999999,
      "x": 10
    },
    "4,0"
  ],
  [
    {
      "y": -0.875,
      "x": 0.5
    },
    "0,0",
    {
      "x": 12.5
    },
    "4,4"
  ],
  [
    {
      "y": -0.4950000000000001,
      "x": 2.5
    },
    "1,2"
  ],
  [
    {
      "y": -0.8799999999999999,
      "x": 3.5
    },
    "1,3",
    {
      "x": 7.5
    },
    "5,2"
  ],
  [
    {
      "y": -0.875,
      "x": 4.5
    },
    "1,4",
    {
      "x": 5.5
    },
    "5,1",
    {
      "x": 1
    },
    "5,3"
  ],
  [
    {
      "y": -0.9950000000000001,
      "x": 1.5
    },
    "1,1"
  ],
  [
    {
      "y": -0.8799999999999999,
      "x": 10
    },
    "5,0"
  ],
  [
    {
      "y": -0.875,
      "x": 0.5
    },
    "1,0",
    {
      "x": 12.5
    },
    "5,4"
  ],
  [
    {
      "y": -0.4950000000000001,
      "x": 2.5
    },
    "2,2"
  ],
  [
    {
      "y": -0.8799999999999999,
      "x": 3.5
    },
    "2,3",
    {
      "x": 7.5
    },
    "6,2"
  ],
  [
    {
      "y": -0.875,
      "x": 4.5
    },
    "2,4",
    {
      "x": 5.5
    },
    "6,1",
    {
      "x": 1
    },
    "6,3"
  ],
  [
    {
      "y": -0.9950000000000001,
      "x": 1.5
    },
    "2,1"
  ],
  [
    {
      "y": -0.8799999999999999,
      "x": 10
    },
    "6,0"
  ],
  [
    {
      "y": -0.875,
      "x": 0.5
    },
    "2,0",
    {
      "x": 12.5
    },
    "6,4"
  ],
  [
    {
      "y": -0.125,
      "x": 3.5
    },
    "3,2",
    {
      "x": 7.5
    },
    "7,2"
  ],
  [
    {
      "r": 15,
      "rx": 4.5,
      "ry": 9.1,
      "y": -4.85,
      "x": -1
    },
    "3,3"
  ],
  [
    {
      "r": 30,
      "rx": 5.4,
      "ry": 9.3,
      "y": -4.700000000000001,
      "x": -1.9000000000000004
    },
    "3,4"
  ],
  [
    {
      "r": -30,
      "rx": 11.1,
      "y": -4.700000000000001,
      "x": 0.9000000000000004
    },
    "7,0"
  ],
  [
    {
      "r": -15,
      "rx": 12,
      "ry": 9.1,
      "y": -4.85
    },
    "7,1"
  ]
]
}
}